<?xml version="1.0" encoding="ISO-8859-1"?>
<SOCIOS_GIM>
<fila_socios>
   <COD>10</COD>
   <NOMBRE>JUAN</NOMBRE>
   <FECHA_ALT>08/02/09</FECHA_ALT>
   <DIRECCION>GUADALAJARA</DIRECCION>
   <CUOTA_FIJA>100</CUOTA_FIJA>
 </fila_socios>
<fila_socios>
  <COD>11</COD>
  <NOMBRE>ANA</NOMBRE>
  <FECHA_ALT>18/02/09</FECHA_ALT>
  <DIRECCION>GUADALAJARA</DIRECCION>
  <CUOTA_FIJA>100</CUOTA_FIJA>
</fila_socios>
  <fila_socios>
  <COD>12</COD>
  <NOMBRE>MANUEL</NOMBRE>
  <FECHA_ALT>18/04/09</FECHA_ALT>
  <DIRECCION>MADRID</DIRECCION>
  <CUOTA_FIJA>110</CUOTA_FIJA>
</fila_socios>
  <fila_socios>
  <COD>13</COD>
  <NOMBRE>MARIA</NOMBRE>
  <FECHA_ALT>06/06/09</FECHA_ALT>
  <DIRECCION>MADRID</DIRECCION>
  <CUOTA_FIJA>110</CUOTA_FIJA>
</fila_socios>
  <fila_socios>
  <COD>14</COD>
  <NOMBRE>FERNANDO</NOMBRE>
  <FECHA_ALT>10/07/09</FECHA_ALT>
  <DIRECCION>AZUQUECA</DIRECCION>
  <CUOTA_FIJA>110</CUOTA_FIJA>
</fila_socios>
<fila_socios><COD>15</COD>
  <NOMBRE>FERNANDO</NOMBRE>
  <FECHA_ALT>19/08/09</FECHA_ALT>
  <DIRECCION>AZUQUECA</DIRECCION>
  <CUOTA_FIJA>110</CUOTA_FIJA>
</fila_socios>
<fila_socios>
  <COD>16</COD><NOMBRE>FERNANDO</NOMBRE>
  <FECHA_ALT>27/09/09</FECHA_ALT>
  <DIRECCION>ALCALA</DIRECCION>
  <CUOTA_FIJA>110</CUOTA_FIJA>
</fila_socios>
</SOCIOS_GIM>